ID / المعرف,المعرف الفرعي,الاسم/ Name,الوصف / Description
T1548,,اساءة استخدام ميزة رفع الصلاحيات / Abuse Elevation Control Mechanism,قد يقوم المهاجم بالتلاعب واستغلال آليات التحكم في رفع الصلاحيات للحصول على صلاحيات او أذونات اعلى. وتحتوي معظم أنظمة التشغيل الحديثة على آلية لتحكم في الصلاحيات والتي تهدف الى رفع او التحكم في الصلاحيات لحساب او خدمة محددة من اجل أداء المهام المطلوب تنفيذها على النظام. والتي تكون في معظم الاحول من إعطاء صلاحيات لبعض المستخدمين للقيام بمهام حساسة وحرجة تتطلب صلاحيات عالية. وقد يقوم المهاجم بطرق مشابه للاستفادة من طرق رفع الصلاحيات المتوفرة مع النظام من اجل رفع الصلاحيات الخاصة به.
T1548,.001,Setuid and Setgid,قد يقوم المهاجمين باستخدام ما يسمى بـ(shell escapes) او استغلال الثغرات في التطبيقات مع ما يطلق عليه (setsuid) او (setgid bits) وذلك بهدف الحصول على كود ضار يعمل في حسابات مستخدمين اخرين. ان في نظام (لينكس او ماك او اس). عندما يتم تعين (setuid او  setgid bits) لاحد التطبيقات، سيعمل التطبيق بامتيازات المستخدم او المجموعة المستهدفة. والحالة الطبيعية عند أي تشغيل التطبيق يتم تنفيذه بصلاحيات المستخدم الحالي. بغض النظر عن المستخدم المالك للتطبيق او المجموعة. ومع ذلك هناك حالات تحتاج بعض التطبيقات فيها الى تنفيذ بعض الوظائف التي تحتاج الى صلاحيات عالية حتى وان كان المستخدم لا يمتلك تلك الصلاحيات.
T1548,.002,تخطي صلاحيات التحكم بالحسابات / Bypass User Account Control,قد يقوم المهاجمين بتخطي آليات التحكم في حساب المستخدم وذلك بهدف رفع الصلاحيات على النظام. نظام ويندوز يمتلك ما يسمى بـ(Windows User Account Control (UAC)) وهي تسمح برفع الصلاحيات والتي تقوم بتتبع سلامة عمليات التصعيد من الصلاحيات الأقل الى الأعلى. وعادة ما يتم تنفيذ وتعديل والوصول تلك المهمة بصلاحيات مدير النظام والتي تأتي علي شكل (تبويب) للمستخدم لتأكيد على العملية، وذلك بهدف تنبيه المستخدمين ان هذه المهمة تتطلب صلاحيات عالية وقد تقوم بالتأثير على النظام وقد تتطلب في بعض الأحيان من مدراء النظام المحلي ( Local او domain) ادخال كلمة المرور لإكمال الإجراءات.
T1548,.003,Sudo and Sudo Caching,قد يقوم المهاجم بتنفيذ (sudo caching and/or use the suoders) لرفع الصاحيات. قد يقوم المهاجمين بتنفيذ بعض الأوامر التي من شأنها استدعاء بعض العمليات التابعة لمستخدمين اخرين والاستفادة منها للحصول على صلاحيات اعلى.
T1548,.004,Elevated Execution with Prompt,قد يقوم المهاجمين من استخدام (AuthorizationExecuteWithPrivileges API) لرفع الصلاحيات من خلال استخدام الطلب من المستخدمين بيانات الاعتماد الخاصة بهم. ان الهدف من استخدام (API ) هو إعطاء المطورين للتطبيقات طريقة سهله لاجراء العمليات بصلاحيات عالية جداً، على سبيل المثال تثبيت تطبيق او تحديث. حيث ان (API) لا تقوم بالتحقق من التطبيق الذى يطلب تلك الصلاحيات هل هو تطبيق ضار او غير ضار او تم تعديله.
T1134,,التلاعب بالتوكن / Access Token Manipulation,قد يقوم المهاجمين بتعديل (tokens) للقيام بتنفيذ عمليات بحساب مستخدم اخر او حساب النظام (SYSTEM) وذلك بهدف تخطي آليات التحكم. يستخدم نظام ويندوز (tokens) لتحديد ملكية العمليات التي قيد التشغيل. ويمكن للمستخدم من التلاعب بـ(tokens) لتظهر العملية التي قيد التشغيل كما انها لو كانت تابعة لمستخدم اخر او تابعة لعملية أخرى (child of a different process).  وعند القيام بذلك تأخذ هذه العملية سياق الأمان المرتبطة بـ(tokens) الجديد الذي تم ربطه به.
T1134,.001,Token Impersonation/Theft,قد يقوم المهاجمين بانتحال او بتكرار (token) الخاص بمستخدم أخرى وذلك بهدف رفع الصلاحيات او تخطي آليات التحكم. المهاجمين يستطيعون انشاء وتكرار (token) الموجود باستخدام (DuplicateToken(Ex)). ويمكن بعد ذلك استخدام(token) المكرر لعملية تسمى بـ(ImpersonateLoggedOnUser) والتي تسمح باستدعاء (thread) معين وانتحال صفة مستخدم مسجل دخوله الى النظام. او استخدام (SetThreadToken) لتعينه وربطه بـ(thread) مخصص.
T1134,.002,Create Process with Token,قد يقوم المهاجمين بإنشاء عملية جديدة او تكرار (token) بهدف رفع الصلاحيات او تخطي آليات التحكم. يمكن للمهاجمين من تكرار (token) باستخدام (DuplicateToken(Ex و يستخدمها مع CreateProcessWithTokenW بهدف انشاء عملية جديدة تحت المستخدم المنتحل. هذه الطريقة مفيدة جداً لإنشاء العمليات تحت حسابات مستخدمين اخرين.
T1134,.003,Make and Impersonate Token,قد يقوم المهاجمين بإنشاء او انتحال (tokens) بهدف رفع الصلاحيات او تخطي آليات التحكم. في حال كان لدى المهاجم اسم مستخدم وكلمة مرور ولكن المستخدم لم يقم بتسجيل الدخول للنظام، فيمكن للمهاجم من انشاء جلسة (Session) للمستخدم باستخدام وظيفة (LogonUser). هذه الوظيفة ستقوم باستعادة نسخة من رمز (tokens) الخاصة بالجلسة ويقوم المهاجم بعد ذلك باستخدام (SetThreadToken) لربط (tokens) بـ(thread) مخصص.
T1134,.004,Parent PID Spoofing,قد يقوم المهاجمين بانتحال (parent process identifier (PPID)) لعملية جديدة (New process) بهدف التخفي من عملية (مراقبة العمليات) او لرفع الصلاحيات. وعادة ما يتم انشاء العمليات الجديدة مباشره من بواسطة (parent او calling) مالم يتم تحديد مكان الاستدعاء بشكل واضح. ان أحد الطرق لتعيين (PPID) بشكل واضح لعملية جديدة هي عبر استدعاء (CreateProcess API call)، والذي يدعم (parameter) لتحديد (PPID) ومن ثم استخدامه. يتم استخدام هذه الوظيفة في نظام ويندوز بواسطة (Windows features) على سبيل المثال (UAC) والتي تقوم بتصحيح عملية (PPID) بعد عملية طلب رفع صلاحية تلك العملية واستدعائها بواسطة (SYSTEM) والتي تتم عادة من خلال (svchost.exe or consent.exe) بدلاً من استخدام صلاحيات المستخدم نفسه.
T1134,.005,SID-History Injection,قد يقوم المهاجم باستخدام (SID-History Injection) بهدف رفع الصلاحيات او تخطي آليات التحكم. ان (Windows security identifier (SID)) هو قيمة فريدة تستخدم لتعريف حسابات (المستخدم/المجموعة). ان (SID) تستخدم بواسطة تقنيات الأمان في نظام ويندوز وكذلك تقنية (Tokens). حيث يمكن للحساب الاحتفاظ بـ(SID) في (SID-History Active Directory) والتي تسمح بعملية تسمى بـ(inter-operable) والتي تسمح باستخدام/تبادل الحسابات/المعلومات بين النطاقات (Domains). على سبيل أمثال ( تضمين جميع القيام الخاصة بـ(access tokens) في (SID-History).
T1197,,وظائف BITS Jobs,قد يقوم المهاجمين باستخدام وظائف (BITS) لتنفيذ تعليمات برمجية ضارة او استخدامها لمسح الاثار التي يخلفها المهاجم. ان خدمة (Windows Background Intelligent Transfer Service (BITS) هي عبارة عن آلية لنقل الملفات بشكل غير متزامنة وذات نطاق ترددي منخفض ويتم استعراضها  من خلال (COM). ويتم استخدام (BITS )  بشكل شائع من قبل المراسلين (messengers) او أي تطبيق يفضل العمل في الخلفية ويستخدم (idle bandwidth) من غير مقاطع أي بروتوكول أخرى يعمل بالشبكة. ويتم تنفيذ مهام نقل الملفات من خلال وظائف (BITS)، والتي تحتوي على قائمة انتظار لملف واحد او اكثر من ملف.
T1140,,فك الترميز من الملفات او المعلوماتDeobfuscate/Decode Files or Information,قد يقوم المهاجم باستخدام تقنيات من شأنها ترميز وتشفير الهجمات التي يقوم بها وذلك بهدف التخفي من الاكتشاف او تصعيب عملية التحليل، والتي قد تحتاج الى برمجيات او طرق خاصة لعكس العملية وفك الترميز او التشفير. وقد يستخدم المهاجمون طرق متعددة في عملية الترميز او التشفير والتي قد تكون مدمجة مع البرمجية الضارة او قد يقوم باستخدام احد الخدمات التي تكون متاحة مع النظام المستهدف.
T1610,,تثبيت المستودعات / Deploy Container,قد يقوم المهاجمون بتثبيت المستودعات داخل المنظمة المستهدفة بهدف تنفيذ بعض الاوامر الضارة او لتفادي الاكتشاف. وفي بعض الاحيان يقوم المهاجم بتثبيت أحد المستودعات بهدف تنفيذ بعض التعليمات البرمجية المرتبطة ببعض العمليات الضارة مثل تنزيل او تفعيل البرمجية الضارة. وقد يقوم المهاجمون بتثبيت مستودع جديد من غير اعدادات او قواعد او صلاحيات وذلك لتفادي بعض اجهزة وانظمة الحماية المتوفرة في المنظمة.
T1006,,الوصول المباشر للقرص / Direct Volume Access,قد يقوم المهاجم بالوصول الى القرص الصلب بشكل مباشر وذلك لتخطي الصلاحيات والاذونات المرتبطة بالملفات او لتفادي أنظمة المراقبة. ان نظام ويندوز يسمح للبرامج بالوصول بشكل مباشر للأقراص الصلبة بشكل مباشر. يمكن للبرمجيات التي تملك صلاحيات الوصول المباشر من قراءة وكتابة من تجاوز عناصر التحكم المرتبطة بالملفات وكذلك تخطي أنظمة المراقبة الموجودة على الملفات.
T1484,,Domain Policy Modification,قد يقوم المهاجمين بتعديل الاعدادات الخاصة بتكوين النطاقات (domain) وذلك بهدف التخفي داخل الشبكة او تصعيد الصلاحيات في النطاق المستهدف. ان التقنية التي يعمل بها النطاق (domain) تسمح له بالتحكم بالأنظمة والتقنيات وكذلك المستخدمين داخل هذا النطاق وكيف تقوم هذه الأجهزة والأنظمة والمستخدمين بالتواصل، حيث يقوم بحوكمتها حسب الحاجة. والسياسة الخاصة بهذه النطاقات تحتوي على اعدادات التواصل ما بين النطاقات والنطاقات الفرعية وما في حكمها. وقد تتضمن التعديلات على السياسة الخاصة بالنطاق (GPOs ) تغير على مستوى العلاقة ما بين النطاقات المرتبطة به.
T1484,.001,Group Policy Modification,قد يقوم المهاجمين بتعديل الاعدادات الخاصة بتكوين مجموعة سياسة النطاقات (GPOs) وذلك بهدف تصعيد الصلاحيات في النطاق المستهدف. تسمح سياسة النطاقات (GPOs) بتعديل و إدارة المستخدمين او الأجهزة من خلال (Active directory AD). وكما انها تعتبر مستودع للإعدادات الخاصة بسياسة النطاقات والتي تستطيع الوصول لها من خلال (\<DOMAIN>\SYSVOL\<DOMAIN>\Policies\)
T1484,.002,Domain Trust Modification,قد يقوم المهاجمين بإضافة خاصية الثقة (trusts) بين النطاقات او تعديل خصائص ثقة سابقة في النطاق المستهدف، وذلك بهدف تصعيد الصلاحيات او التخفي داخل الشبكة. تسمح تفاصيل الثقة في النطاق او (trusts) بمعرفة اذا كان هناك علاقة ما بين نطاقين مختلفين، وكذلك خصائص المصادقة والتخويل ما بين النطاقات ومعرفة الموارد المشتركة ما بينهم. وبقد تتضمن الثقة ما بين النطاقات معلومات عن الحسابات وبيانات الدخول ووسائل المصادقة المستخدمة على الخوادم والرموز(tokens).
T1480,,Execution Guardrails,قد يقوم المهاجمين بتنفيذ تعليمات برمجية (guardrails) والتي تختلف باختلاف طريقة كتابة الآلية من قبل المهاجم وكذلك البيئة المستهدفة والهدف منها. حيث ان (guardrails) قد تكون تستهدف نظام محدد وذلك لتقليل لفت الانتباه للبرمجية في حال تم تحميلها من قبل أنظمة أخرى غير مستهدفة. وقد يستخدم المهاجمون معايير محددة والتي قد تتضمن أسماء لشبكات او مجلدات مشاركة او عناوين لأنظمة محددة او اسم نطاق محدد (Active Directory) او عناوين داخلية او خارجية.
T1480,.001,Environmental Keying,قد يقوم المهاجم باستخدام ما يسمى بـ (environmentally key) او برمجية ضارة وذلك بهدف التخفي وتلافي الاكتشاف حينما يكون الهجوم موجهة لنظام معين داخل الجهة المستهدفة. ان آلية (environmentally key) تستخدم طرق مشفرة لتنفيذ الأوامر حسب المتغيرات التي تحدث في البيئة والتي تم برمجيتها سابقاً من قبل المهاجم بناء على معرفة مسبقة من قبل بالبيئة الخاصة بالمستهدفة.
T1211,,Exploitation for Defense Evasion,قد يقوم المهاجمين باختراق الأنظمة والتطبيقات لتخطي الحماية، تخطي الحماية تحدث عندما يقوم المهاجم باستغلال الثغرات التي تحدث عن وجود خطاء في البرنامج او أنظمة التشغيل او النواة. وقد توجد بعض الثغرات الأمنية في برامج الحماية نفسها تسمح للمهاجم بتنفيذ تعليماته البرمجية.
T1222,,File and Directory Permissions Modification,قد يقوم المهاجم بتعدي الصلاحيات الخاصة بملف او مجلد محدد وذلك لتفادي سياسة التحكم في الوصول ( ACLs) والوصول للملفات المحمية. ان صلاحيات الوصول للمجلدات والملفات المحمية عادة تدار بواسطة ACLs ويتم اعدادها بواسطة مدير النظام او المالك للملف او المجلد.  تختلف وسائل تطبيق آليات التحكم في الوصول للملفات والمجلدات باختلاف النظام. ولكنها يم تحديدها بشكل صريح اما لمستخدم محدد او مجموعة محدده والتي يمكن له او يمكن لهم تنفيذ الإجراءات مثل ( القراءة ، الكتابة، التنفيذ، الخ..)
T1222,.001,تعديل صلاحيات الملفات والمجلدات للويندوز / Windows File and Directory Permissions Modification,قد يقوم المهاجم بتعدي الصلاحيات الخاصة بملف او مجلد محدد وذلك لتفادي سياسة التحكم في الوصول ( ACLs) والوصول للملفات المحمية. ان صلاحيات الوصول للمجلدات والملفات المحمية عادة تدار بواسطة ACLs ويتم اعدادها بواسطة مدير النظام او المالك للملف او المجلد.  تختلف وسائل تطبيق آليات التحكم في الوصول للملفات والمجلدات باختلاف النظام. ولكنها يم تحديدها بشكل صريح اما لمستخدم محدد او مجموعة محدده والتي يمكن له او يمكن لهم تنفيذ الإجراءات مثل ( القراءة ، الكتابة، التنفيذ، الخ..)
T1222,.002,تعديل صلاحيات الملفات والمجلدات لينكس  / Linux and Mac File and Directory Permissions Modification,قد يقوم المهاجم بتعدي الصلاحيات الخاصة بملف او مجلد محدد وذلك لتفادي سياسة التحكم في الوصول ( ACLs) والوصول للملفات المحمية. ان صلاحيات الوصول للمجلدات والملفات المحمية عادة تدار بواسطة ACLs ويتم اعدادها بواسطة مدير النظام او المالك للملف او المجلد.  تختلف وسائل تطبيق آليات التحكم في الوصول للملفات والمجلدات باختلاف النظام. ولكنها يم تحديدها بشكل صريح اما لمستخدم محدد او مجموعة محدده والتي يمكن له او يمكن لهم تنفيذ الإجراءات مثل ( القراءة ، الكتابة، التنفيذ، الخ..)
T1564,,اخفاء الادلة / Hide Artifacts,قد يقوم المهاجمين بإخفاء الانشطة الخاصة بهم داخل الأنظمة لكي لا يتم اكتشافهم. حيث ان بعض الأنظمة تأتي بوظائف تساعد المهاجمين على إخفاء تلك الاحداث والأنشطة، مثل إخفاء ملفات الخاصة بالنظام او بعض المهام الخاصة بمدراء النظام من اجل ان لا يقوم المستخدمين بالعبث بها. وهذه الميزة قد تمكن المهاجم من استغلالها في إخفاء الأنشطة الخاصة بهم.
T1564,.001,اخفاء الملفات او المجلدات / Hidden Files and Directories,قد يقوم المهاجمين بعملية إخفاء لبعض الملفات او المجلدات بهدف التخفي من الاكتشاف. حيث ان هذه الميزة تمكن من إخفاء الملفات من عرضها عند قيام المستخدم بزيارة ملف محدد من خلال واجهة العرض الرسومية. وقد يحتاج المستخدمون تفعيل خيار مشاهدة الملفات المخفية لكي تظهر لهم. او من خلال سطر الأوامر استخدام (dir /a  لنظام ويندوز) و (ls -a لنظام لينكس وماك او اس).
T1564,.002,اخفاء المستخدمين / Hidden Users,قد يقوم المهاجم بإخفاء بعض المستخدمين الذين تم انشاءهم حديثاً لكي يتفادى عملية الاكتشاف. حيث ان لكل مستخدم في نظام ماك او اس لديه معرف فريد مرتبط به، حيث عند انشاء أي مستخدم تستطيع مشاهدة المعرف الفريد الخاص به.
T1564,.003,اخفاء النوافذ / Hidden Window,قد يقوم المهاجم بإخفاء بعض النوافذ المفتوحة عن المستخدمين والتي عادة ما تكون هذه النوافذ ضارة، ويمكن إخفاء النوافذ التي يتم عرضها عند فتح التطبيق، والهدف من اخفاءها لتجنب من ازعاج المستخدمين وتشتيت انتباههم.
T1564,.004,NTFS File Attributes,قد يستخدم المهاجمين (NTFS) لإخفاء الأنشطة الضارة الخاصة بهم، جميع عمليات (New Technology File System) تحتوي على جزء خاص بها يحتوي على Master File Table MFT والذي يحتوي على سجل لكل ملف او مجلد في هذا الجزء. حيث ان لكل مدخل له الجزء الخاص به مع تقنية MFT على سبيل المثال Extended Attributes EA وknown as Alternate Data Streams ADSs when more than one Data attribute is present والتي تستخدم لتخزين البيانات.
T1564,.005,اخفاء ملفات النظام / Hidden File System,قد يقوم المهاجم بإخفاء الملفات الخاصة بالنظام وذلك بهدف إخفاء الأنشطة الضارة عن المستخدمين وأجهزة الحماية.  ان أنظمة التشغيل توضح الهيكلة لتخزين البيانات والوصول لها عند تخزينها في القرص الصلب. والتي عادة ما يتعامل المستخدمين مه نظام الملفات من خلال تطبيقات تسمح له بالوصول لتلك الملفات والمجلدات، والتي تعد بمثابة وسيلة للوصول لجزء معين من القرص الصلب. ومن امثله هذه الأنظمة AT, NTFS, ext4, and APFS وبعض الأنظمة الأخرى قد تشمل على Volume Boot Record (VBR) and Master File Table (MFT) in NTFS.
T1564,.006,Run Virtual Instance,قد يقوم المهاجمين بتنفيذ تعليمات برمجية ضارة من خلال استخدام نظام افتراضي وذلك لتجنب الاكتشاف من النظام الأساسي. ان الأنظمة الافتراضية الفرعية أصبحت مشهورة وتستخدم بكثره في المؤسسات. وتختلف طريقة الاتصال بالشبكة الخاصة بالمنظمة المستهدفة حسب طريقة عمل النظام الافتراضي وهل تم استخدامها bridged adapter وغيره، ان البيانات الشبكية التي تنشأ من الأنظمة الافتراضية قد تكون صعبه الاكتشاف.
T1564,.007,VBA Stomping,قد يقوم المهاجم بإخفاء بعض الملفات الضارة مثل Visual Basic for Applications (VBA) والتي قد يتم تضمينها من ضمن ملفات مايكروسوفت اوفيس. وقد يقوم المهاجم بإخفاء VBA ما بين النصوص الغير ضارة.
T1574,,انتحال مجال التنفيذ / Hijack Execution Flow,قد يقوم المهاجمين باعتراض تشغيل البرامج لتنفيذ تعليماتهم البرمجية الضارة، وذلك بهدف البقاء داخل الشبكة أطول فترة ممكنه او تصعيد الصلاحيات وقد يستغل المهاجم مثل هذه الهجمات في تخطي القيود على التنفيذ او التحكم بطريقة عمل التطبيقات داخل النظام.
T1574,.001,DLL Search Order Hijacking,قد يقوم المهاجمين باعتراض طلبات البحث (search order) لتنفيذ تعليماتهم البرمجية الضارة DLLs، وذلك بهدف البقاء داخل الشبكة أطول فترة ممكنه او تصعيد الصلاحيات. ان نظام ويندوز يستخدم طريقة شائعة في عملية البحث عن مكتبات DLL المطلوب تحميلها في احد البرامج او التطبيقات. وقد يستخدم المهاجمين هذه الميزة لتنفيذ اغراضهم الخبيثة.
T1574,.002,DLL Side-Loading,قد يقوم المهاجمين بتحميل مكتباتهم (DLL) الضارة للنظام. وتتشابه هذه الهجمة مع الهجمة السابقة (DLL Search Order Hijacking). ويختلف (side-loading) عنه انه يقوم بتحميل تلك DLL بدل من زرعها ضمن الترتيب الخاص بالبحث عن DLL ثم انتظار النظام او الضحية من استدعائها. وقد يقوم المهاجمون بهذه الطريقة من خلال زرعها ثم يقوم المهاجم باستدعائها من خلال برمجيات معتمدة وغير ضارة.
T1574,.004,Dylib Hijacking,قد يقوم المهاجم بتنفيذ تعليماته البرمجية الضارة من خلال وضعها داخل (dynamic library (dylib)) مع اسم متوقع من التطبيق المراد استهدفه ان يقوم بتشغيلها. ان (dynamic library (dylib)) ستقوم بالبحث ومحاولة إيجاد (dylib) بناء على الترتيب التسلسلي للمسارات/الامتدادات الخاصة بعمليات البحث. وقد تكون المسارات التي تؤدي الى(dylib) مسبوقة بـ(@rpath). و(@rpath) هي التي تسمح للمطورين بتحديد مجموعة المسارات الخاصة بالبحث وقت التنفيذ. وبالإضافة الى ذلك اذا لم يتم ربطها بالشكل المناسب مثل استخدام (LC_LOAD_WEAK_DYLIB). سيستمر البرنامج بتنفيذ التعليمات حتى في حال عدم وجود(dylib) المتوقع. مما يتيح للمطورين من تشغيل تطبيقاتهم على إصدارات متعددة من (macOS) مع إضافة واجهات برمجة تطبيقات جديدة (API).
T1574,.005,Executable Installer File Permissions Weakness,قد يقوم المهاجمين بتنفيذ تعليماتهم البرمجية الضارة من خلال اعتراض او سرقة (binaries) المستخدم في عملية التثبيت. وقد تتم هذه العملية بشكل تلقائي من خلال تنفيذ بعض (binaries) من اثناء عملية التثبيت. في حال كانت الصلاحيات /الاذونات الخاصة بمجلدات النظام التي تحتوي على (binaries) المستهدف في العملية. او الصلاحيات/الاذونات الخاصة بنفس (binaries) تم اعدادها بشكل غير صحيح. فقد يقوم (binaries) بإعادة كتابة نفسه فوق (binaries) اخر باستخدام الاذونات والصلاحيات الممنوحة له. وفي بعض الأحيان قد يعمل في اعلى صلاحيات والتي قد تتضمن صلاحيات (SYSTEM).
T1574,.006,Dynamic Linker Hijacking,قد يقوم المهاجمين بتشغيل وتنفيذ تعليماتهم البرمجية الضارة من خلال اختطاف/سرقة المتغيرات(Variables) في البيئة من خلال استخدام (dynamic linker) لإضافتها للمكتبات المشتركة او ما يسمى بـ(Shared libaraies). من خلال عمليات التحضير لتنفيذ او تشغيل البرنامج. ويقوم (dynamic linker) بتحميل مسارات الخصائص البيئية للمكتبات المشتركة من خلال المتغيرات البيئية (environment variables) والملفات مثل (LD_PRELOAD) في نظام لينكس او (DYLD_INSERT_LIBRARIES) في نظام MacOs. يتم إعطاء أولوية تحميل المكتبات التي تم تحديدها اولاً، حتى يتم أعطاها أولوية على مكتبات النظام التي لها نفس الاسم الوظيفي. وعادة ما يتم استخدام هذه المتغيرات من قبل المطورين لتصحيح الأخطاء دون الحاجة الى عمل (recompile). ويتم تنفيذ وظائف مخصصة دون الحاجة الى تغير أي من المكتبات الاصلية.
T1574,.007,Path Interception by PATH Environment Variable,قد يقوم المهاجمين بتشغيل او تنفيذ تعليماتهم البرمجية الضارة من خلال اختطاف/سرقة المتغيرات (variables) التي يتم تحميلها في المكتبات. قد يقوم المهاجم بوضع برنامجه من المقدمة في القائمة المخزنة في مسارات البيئة (PATH environment variable). والتي سيقوم نظام التشغيل ويندوز بتشغيله عند عملية البحث بشكل تسلسلي باستخدام قائمة (PATH) والتي يتم استدعائها من خلال سكربت او سطر الأوامر.
T1574,.008,Path Interception by Search Order Hijacking,قد يقوم المهاجمين بتشغيل او تنفيذ تعليماتهم البرمجية الضارة من خلال اختطاف ترتيب البحث والذي من المفترض انه يستدعي برنامج اخر. ونظراً ان بعض البرامج لا تستدعي برامج أخرى باستخدام قائمة (PATH)، قد يقوم المهاجم بوضع ملفاته في القائمة التي سيتم استدعاء البرمجيات منها. والتي سيتسبب بجعل النظام بتشغيل برنامجه الضار بسبب استدعاء برنامج اخر له.
T1574,.009,Path Interception by Unquoted Path,قد يقوم المهاجمين بتشغيل او تنفيذ تعليماتهم البرمجية الضارة من خلال اختطاف المراجع الخاصة بالملفات. قد يستغل المهاجم المسارات الغير محدده بعلامات الاقتباس ("") والتي من خلالها يقوم بوضع تعليماته البرمجية التنفيذية في اعلى القائمة في (PATH). والتي عندما يقوم نظام التشغيل الويندوز بالاختيار من القائمة سيقوم بتشغيله.
T1574,.010,Services File Permissions Weakness,قد يقوم المهاجمين بتشغيل تعليماتهم البرمجية الضارة من خلال اختطاف/سرقة (binaries) التي يتم استخدامها من قبل الخدمات. يستغل المهاجمين سير العمل (Flaws) الخاصة بالصلاحيات لنظام الخدمات في الويندوز لاستبدال (binaries) التي يتم تنفيذها عند تنفيذ الخدمات. وبعض الخدمات قد يتم تفعيلها بشكل تلقائي بواسطة (binaries) مخصص لتنفيذ وظيفة محددة. اذا تم تحديد الصلاحيات المجلد الذي يحتوي على (binaries) المستهدف او الصلاحيات على (binaries) بذاته، فقد يقوم المهاجم بالكتابة فوقة بالصلاحيات الممنوحة له في المجلد او (binaries) بذاته والتي قد تكون صلاحيات عالية او صلاحيات النظام ( SYSTEM) التي تسمح له بهذا العمل والتنفيذ.
T1574,.011,Services Registry Permissions Weakness,قد يقوم المهاجمين بتشغيل تعليماتهم البرمجية الضارة من خلال اختطاف/سرقة مدخلات (Registry) المستخدمة من قبل الخدمات في النظام. يستغل المهاجمين سير العمل (Flaws) الخاصة بالصلاحيات لنظام للـ(Registry) في الويندوز لاعادة تنفيذ التعليمات البرمجية الأصلية للبرمجيات التي يتحكم بها. والتي يستخدمها لتشغيل الاكواد الضارة من خلال الخدمات. ويقوم نظام ويندوز بحفظ الخدمات المحلية والاعدادات الخاصة بها في (HKLM\SYSTEM\CurrentControlSet\Services) والخدمات التي يتم تخزينها في (Registry keys) قد يتم التلاعب بها او تعديلها لجعلها تقوم بتنفيذ الخدمات الضارة والتي من شأنها ات تقوم بتشغيل أدوات او تنفيذ تعليمات برمجية او تشغيل PowerShell او Reg. ويتم التحكم في الوصول الى (Registry keys) من خلال قوائم التحكم في الوصول والاذونات (Access Control Lists and permissions).
T1574,.012,COR_PROFILER,قد يستغل المهاجمين المتغيرات في البيئة لـ (COR_PROFILER) والتي قد تؤدي الى اختطاف/سرقة آلية عمل البرنامج والتي تقوم بتحميلها الى  .NET CLR ان (COR_PROFILER) هي احد المميزات لاطار (.NET Framework) والتي تسمح للمطورين بتحديد ملفات التعاريف DLL/External .NET الغير مدارة (unmanaged) ليتم تحميلها في كل عملية من عمليات .NET CLR. وتم إيجاد وتصميم ملفات التعريف لمراقبة وتصحيح الأخطاء البرمجية التي يتم تنفيذها بواسطة .NET CRL.
T1562,,Impair Defenses,قد يقوم المهاجم بتعديل بعض الخصائص او البرمجيات للمستهدف لتنفيذ تعليمات برمجية ضارة وذلك بهدف التخفي من الاكتشاف او تعطيل وسائل الحماية، وهذه الأساليب لا تشتمل على محاولة تعطيل او التخفي من آليات الحماية من الاختراقات مثل جدران الحماية ومكافح الفايروسات، بل لديها ايضاً القدرة على الاطلاع على الوسائل الدفاعية لدى الجهة المستهدفة ومحاولة التخفي منها. وهذه الأساليب المستخدمة من قبل المهاجمين تستهدف البرمجيات والانظمة التي تأتي مع النظام الأساسي او التي يتم تركيبها بواسطة مدراء الشبكة.
T1562,.001,ادوات تعديل وتعطيل / Disable or Modify Tools,قد يقوم المهاجم بتعطيل أدوات الحماية وذلك بهدف التخفي من الاكتشاف، وقد يقوم المهاجم بتعطيل البرمجيات الخاصة بالحماية او تعطيل خدمات تسجيل الاحداث. او مسح السجلات او تعطيلها من خلال (registry ) وذلك لضمان عدم عودتها للعمل مره أخرى، وهذا يشمل أي أدوات من أدوات الحماية والمراقبة والمسح والاستطلاع.
T1562,.002,تعطيل مسجل الاحداث في الويندوز / Disable Windows Event Logging,قد يقوم المهاجم بتعطيل مسجل الاحداث الخاص بنظام ويندوز وذلك بهدف تقليل مدى التغطية للأنظمة المستهدفة والتهرب من الاكتشاف. ان نظام تسجيل الاحداث الخاص بنظام ويندوز يقوم بتسجيل الأنشطة التي تتم على النظام مثل عمليات تسجيل الدخول، انشاء العمليات وغيرها. ويتم استخدام هذه الاحداث لتدقيق من قبل أنظمة الحماية ومحللي الامن السيبراني لرصد الأنشطة الضارة.
T1562,.003,Impair Command History Logging,قد يقوم المهاجمين بتعطيل/محي مسجل الاحداث (command history) وذلك بهدف التخفي من الاكتشاف والرصد، حيث يقوم المهاجم بإرسال أوامر ضارة ومن ثم يقوم بمحي تلك الأوامر من سجل الاحداث.
T1562,.004,تعديل او تعطيل انظمة جدران الحماية / Disable or Modify System Firewall,قد يقوم المهاجم بتعطيل جدران الحماية الخاصة بالأنظمة وذلك بهدف التخفي وتخطي ضوابط التحكم التي تم وضعها في النظام. ان حدوث تغيرات على جدران الحماية قد تؤدي الى تعطيله او تعطيل آلية العمل الخاصة به. وقد يقوم المهاجمين بتعطيل او حذف بعض القواعد الخاصة بجدران الحماية او تعديلها. وقد يقوم المهاجم بهذا العملية بطرق متعددة من خلال الأوامر او واجهة رسومية.
T1562,.006,Indicator Blocking,قد يقوم المهاجم بتعطيل او منع الاحداث من عملية التسجيل وذلك بهدف التخفي من الاكتشاف، وقد يقوم بها بطرق متعددة من خلال التعطيل او من خلال إعادة التوجيه لأنظمة لا تقوم بتسجيل الاحداث. على سبيل المثال نظام تسجيل الاحداث الخاص بـ(Event tracing for windows ETW) وذلك بواسطة تعديل الاعدادات التي تقوم بجمع هذه الاحداث. وقد يقوم المهاجم بتعديل مسجل الاحداث بطرق مختلفة اما من تعديل ملفات مرتبطة مع سجلات الاحداث او من خلال (Registry) او من خلال واجهة مدراء النظام او من خلال استخدام PowerShell في نظام ويندوز.
T1562,.007,تعديل او تعطيل جدران الحماية للخدمات السحابية / Disable or Modify Cloud Firewall,قد يقوم المهاجم بتخطي او تعديل جدران الحماية الخاصة بالخدمات السحابية وذلك بهدف تخطي صلاحيات الوصول الى الخدمات السحابية.
T1562,.008,تعطيل السجلات للخدمات الحسابية / Disable Cloud Logs,قد يقوم المهاجم بتعطيل خدمات تسجيل الاحداث الخاصة بالخدمات السحابية وذلك بهدف منع عمليات تسجيل الاحداث التي يقوم بها المهاجم وذلك بهدف التخفي من عمليات الرصد والاكتشاف.
T1070,,Indicator Removal on Host,قد يقوم المهاجم بمسح او انشاء احداث وهمية على النظام المستهدف، بما في ذلك السجلات الخاصة بالأحداث او الملفات التي تم تصنيفها انها ضارة. وقد تختلف عمليات التسجيل للأحداث والأنظمة حسب النظام. مثل أنظمة ويندوز ولينكس وماك او اس. وهنا مسار الخاص لأنظمة لينكس (/var/log/*)
T1070,.001,مسح السجلات من نظام ويندوز/ Clear Windows Event Logs,قد يقوم المهاجمين بمسح الاحداق الخاصة بأنظمة ويندوز وذلك بهدف إخفاء الأنشطة المشبوهة لكي لا يتم اكتشافها. ان مسجل الاحداث في نظام ويندوز يقوم بتسجيل جميع الاحداث التي تتم على النظام وتقوم بالتنبيه والتحذير بناء على النشاط. وهناك ثلاث أنواع من أنواع مصادر تلك الاحداث وهي (الحماية، التطبيقات، النظام) على شكل ٥ أنواع من أنواع الاحداث وهي (خطا، تحذير، معلومات، تم التدقيق بشكل سليم، وفشلت عملية التدقيق)
T1070,.002,مسج السجلات من نظام لينكس وماكClear Linux or Mac System Logs,قد يقوم المهاجمين بمسح الاحداق الخاصة بأنظمة لينكس، ماك او اس وذلك بهدف إخفاء الأنشطة المشبوهة لكي لا يتم اكتشافها. النظامين يقومان بحفظ التحركات والأنشطة الخاصة بالنظام والمستخدمين في سجل الاحداث. ومعظم سجلات الاحداث يتم حفظها في /var/log/ وهناك تقسيمه داخل هذا المجلد يعكس الوظائف الخاصة بالسجلات التي بداخله.
T1070,.003,مسج سجل الاحداث من / Clear Command History,بالإضافة للعمليات التي قد يقوم بها المهاجم من مسح سجلات الاحداث لكي لا يتم اكتشافه قد يقوم المهاجم بمسج سجل التاريخ الخاص بسطر الأوامر للنظام المخترق لكي لا يتم اكتشاف ما تمت كتابته من أوامر للنظام
T1070,.004,مسح الملفات / File Deletion,قد يقوم المهاجم بمسج الملفات الخاصة بالهجمة لكي لا يتم اكتشافها من قبل أنظمة وبرمجيات الحماية وعادة ما تكون تلك البرمجيات ضارة. وقد لا تكون جميع تلك الملفات تنفيذيه بل قد تكون ملفات يتم انشاءها من قبل المهاجم والتي قد تفيد المحللين السيبرانيين من اكتشاف ما تم عملة على الشبكة المخترقة، وقد يقوم بها كذلك المهاجم لتفادي تتبعه داخل الشبكة بعد عملية الاختراق.
T1070,.005,مسح الارتباط والاتصال بملفات المشاركة / Network Share Connection Removal,قد يقوم المهاجم بمسح الارتباط بملفات المشاركة عند الانتهاء من استخدامها وذلك لجعل عملية التتبع صعبه، ان ملفات المشاركة في نظام ويندوز SMB يتيح حذفها او إلغاءها عند عدم الحاجة لها. من خلا أداة (Net) تستطيع من خالها حذف المجلد او طريقة التواصل من خلال الشبكة مثال على الامر (net use \system\share /delete)
T1070,.006,Timestomp,قد يقوم المهاجمون بالتلاعب بالملفات من خلال تغير وقت الانشاء او التعديل لها. ان Timestomping هي تقنية تقوم بتعديل الوقت الفعلي الذي تم تعديل او حفظ او انشاء هذا الملفات. وغالباً يتم تحديد تاريخ ووقت للملف الضار مثل الملفات السليمة الأخرى في نفس المجلد وذلك بهدف التخفي عندما يقوم محلل الامن السيبراني بالتحقق من الملفات المنشأة حديثاً
T1202,,Indirect Command Execution,قد يقوم المهاجمون باستغلال الأدوات الملحقة بالنظام وذلك بهدف تنفيذ أوامر (من خلال سطر الأوامر) ضارة ويتم استخدام تلك الأدوات بشكل خاص بسبب امكانيتها تجاوز بعض القيود الأمنية المحددة من قبل سطر الأوامر. يمكن استخدام العديد من الأدوات في نظام ويندوز الملحقة او المساعدة للتنفيذ أوامر، وربما يتم تنفيذ هذه الأوامر من غير حتى استدعاء سطر الأوامر CMD على سبيل المثال (Forfiles) Program Compatibility Assistant (pcalua.exe) ولنظام لينكس Windows Subsystem for Linux (WSL) وكذلك هناك أدوات متعددة تقوم بنفس الوظائف من تنفيذ أوامر بطرق مختلفة اما من خلال برمجيات او سكربتات وغيره.
T1036,,Masquerading,قد يقوم المهاجمين بالتلاعب بالأدلة او الملفات او الوظائف لجعلها تبدو غير ضارة او للاستخدام الغير خبيث سواء كانت ادوات او مستخدمين او برمجيات. يحدث التلاعب عندما يتم تغير او تعديل او انشاء او استبدال وظيفة او ملف او برمجية بهدف التخفي من عملية الرصد والاكتشاف عند قيام محلل الامن السيبراني بعمل الاستجابة للحوادث. وقد تمتد تلك العمليات من التلاعب حتى يتم تعديل البيانات الوصفية.
T1036,.001,Invalid Code Signature,قد يقوم المهاجمين بالتلاعب وتقليد بعض الخصائص الإضافية لبرمجيات (توقيع الاكواد رقمياً) حقيقة لزيادة فرصة التلاعب بالمستخدمين وجعل برمجياته كأنها حقيقة وليست ضارة. ان عملية توقيع الاكواد الرقمية توفر مصادقيه من المطورين ان الاكواد البرمجية لم يتم التلاعب بها. وحيث ان عملية نسخ التواقيع الرقمية (البيانات الوصفية) قد يقوم بها المهاجم من خلال نسخها من برنامج اخر، ثم استخدامه كقالب لبرنامجه الضار. وقد تتم عملية التحقق من التواقيع الرقمية وفي حال لم يتم التحقق سيتم افشال عملية تشغيل البرمجية. ولكن قد تنطلي الحيلة على المستخدمين او المحللين.
T1036,.002,Right-to-Left Override,قد يقوم المهاجمين بالتلاعب باتجاه الاحرف من اليسار لليمين والعكس (RTLO or RLO) (U+202E) وذلك بهدف خداع المستخدم ان هذا الملف غير ضار. ان RTLO هو مجموعة حروف (غير قابلة للطباعة) يتم عرضها على الشاشة بشكل عكسي. على سبيل المثال عندما يتم عرض شاشة التوقف الخاصة بالويندوز  بهذا الشكل March 25 \u202Excod.scr ويتم استخدام March 25 rcs.docx وهنا ملف جافا سكربت photo_high_re\u202Egnp.js ويتم عرضه كصورة photo_high_resj.png
T1036,.003,Rename System Utilities,قد يقوم المهاجمين بإعادة تسمية بعض الأدوات المساعدة في النظام بهدف التهرب من الاكتشاف وذلك بسبب ان أنظمة الحماية تقوم بمراقبة تلك الأدوات المساعدة. بعد عملية التغير لها يستطيع المهاجم استخدامها دون ان يتم اكتشافه على سبيل المثال إعادة تسمية rundll32.exe وتحدث العملية بإشكال متعددة وطرق مختلفة سواء كانت نسخ او تغير المجلد الخاص بها او إعادة تسميتها بنفسها.
T1036,.004,Masquerade Task or Service,قد يقوم المهاجمين بالتلاعب باسم مهمة او خدمة لجعلها تبدو غير ضارة وأنها حقيقية. يتم تنفيذ هذا الخدمات من خلال جدولة الاعمال او من خلال systemd والتي يتم بالعادة أعطاها اسم محدد ووصف لها. وفي نظام ويندوز يتم أعطى اسم للخدمة وكذلك اسم للعرض الخاص بهذه الخدمة. وبالعادة ان اكثر الخدمات الغير ضارة قد تتشابه في اسم العرض الخاص بها بشكل كبير، مما يجعل المهاجمين يفكرون بنفس الطريقة وإعطاء ملفاتهم الضارة نفس الأسماء.
T1036,.005,Match Legitimate Name or Location,قد يقوم المهاجمين بالتلاعب بالأسماء او المجلدات وجعلها مقاربة للمجلدات او الملفات او المواقع الخاصة بها الحقيقية وذلك بهدف التهرب من أنظمة المراقبة. ويمكن للمهاجم من القيام بذلك من خلال ملف تنفيذي في مجلد system32 واعطاه اسم كأنه ملف غير ضار. او إعطاء اسم مألوف لخدمات في النظام مثل svchost.exe او انشاء ملف اخر يحم نفس الاسم مع زيادة مسافه ما بين الاحرف لكي يوهم المحلل انه نفس الملف
T1036,.006,Space after Filename,قد يقوم المهاجم بإخفاء الامتداد الخاص بالملفات الضارة. وذلك من خلال إضافة مسافة في نهاية الملف وهذا ما يجع النظام يتعامل مع الملف بطريقة متغيرة. ولا يعمل هذا الأسلوب مع الملفات التي تأتي بامتدادات (.app)
T1556,,تعديل طريقة وعملية التحقق / Modify Authentication Process,قد يقوم المهاجمين بتعديل آلية وطريقة عمل المصادقة للمستخدمين او السماح للوصول لبعض الحسابات بطريقة غير مرغوبة. ان عملية المصادقة تتم من خلال آليات متعددة مثل (Local Security Authentication Server (LSASS) process and the Security Accounts Manager (SAM)) في نظام الويندوز و (pluggable authentication modules (PAM)) في نظام لينكس و (authorization plugins) في نظام MacOs.  وجميع التقنيات التي ذكرت سابقاً هي المسؤولة عن تخزين وحفظ بيانات المصادقة والتحقق منها. والتي قد تسمح في بعض الأحوال للمهاجمين من المصادقة على خدمة او نظام دون الحاجة الى استخدام حسابات فعالة وصحيحة.
T1556,.001,Domain Controller Authentication,قد يقوم المهاجم بتصحيح. عمليات المصادقة على (Domain Controller) وذلك بهدف تخطي وسائل التحقق المتبعة وتمكينه من الوصول الى الحسابات.
T1556,.002,Password Filter DLL,قد يقوم المهاجمين باستخدام (Password Filter DLL) في عمليات المصادقة لتحقق من صحة بيانات الاعتماد
T1556,.003,Pluggable Authentication Modules,قد يقوم المهاجمين بتعديل (pluggable authentication modules (PAM)) للوصول الى بيانات الاعتماد او تفعيل حسابات غير مرغوب فيها. ان (pluggable authentication modules (PAM)) هو نظام معياري للإعدادات الخاصة للملفات و المكتبات والملفات التنفيذية والتي تقوم بتوجيه آلية المصادقة للعديد من الخدمات. ومن اشهرها هي (pam_unix) والتي تقوم باسترداد المعلومات الخاصة بمصادقة الحساب وتعينها والتحقق منها في (/etc/passwd) و (/etc/shadow)
T1556,.004,التحقق بواسطة اجهزة الشبكة / Network Device Authentication,قد يقوم المهاجم بالاستفادة من التشفير الخاص بكلمات المرور في أنظمة التشغيل او ما يسمى (Patch System Image). وبالتالي يستفيد منها المهاجمين في تجاوز آليات المصادقة للحسابات المحلية على أجهزة الشبكة.
T1578,,Modify Cloud Compute Infrastructure,قد يقوم المهاجم بتعديل الحسابات الخاصة بالخدمات السحابية وذلك لتفادي الاكتشاف والتعديلات قد تشتمل انشاء وتعديل ومسح على أي جزء من أجزاء الخدمات السحابية اوأنظمة الافتراضية او النسخ الصورية.
T1578,.001,انشاء نسخة / Create Snapshot,قد يقوم المهاجم بإنشاء نسخة صورية للبيانات او النسخ الاحتياطية على الخدمات السحابية وذلك لتخفي من الاكتشاف. ان عملية النسخ الصورية هي أحد مكونات الاساسية للخدمات السحابية يتم اخذها بوقت محدد والتي بدورها تقوم بجعل النظام الافتراضي VM قابل للاستعادة. ويتم تخزينها على مساحة افتراضية من القرص الصلب او على جزء محدد من قرص صلب. وقد يقوم المهاجمين باستغلال الصلاحيات لأنشاء مثل هذه النسخ الصورية والاطلاع عليها بسبب انهم لا يملكون الأذونات المناسبة للوصول للبنية التحتية الحقيقة للمنظمة. وقد يقوم المهاجمين بإنشاء نسخة صورية قبل تنزيل أي ملفات ضارة وبعد عملية الاختراق والانتهاء منها يقومون باسترجاع النسخة قبل عملية الاختراق لتفادي الاكتشاف.
T1578,.002,انشاء نسخة للخدمات السحابية / Create Cloud Instance,قد يقوم المهاجمين بإنشاء نسخ افتراضية VM داخل الخدمات السحابية او الحساب وذلك بهدف التهرب من عمليات الاكتشاف. قد تسمح الصلاحيات للمهاجم بإنشاء النسخ الافتراضية او الأنظمة الافتراضية وذلك بهدف تجاوز جدران الحماية والتحكم الكامل للمهاجم بخلاف النسخة الأخرى التي لا يملك عليها الصلاحيات المناسبة وقد يقوم المهاجم بإنشاء نسخة صورية واحده من النظام الذي لا يملك صلاحيات وتطبيق اقل الصلاحيات.
T1578,.003,مسح الخدمات السحابية / Delete Cloud Instance,قد يقوم المهاجم بمحي النسخة الافتراضية على الخدمات السحابية وذلك لتفادي الاكتشاف وكذلك محي برمجياته عن النظام لكي لا يتم الحصول عليها من قبل المحللين السيبرانيين. وتفيد تلك العملية المهاجمين جداً حيث ان التتبع لهم يصبح اصعب.
T1578,.004,استعادة الخدمات السحابية / Revert Cloud Instance,قد يقوم المهاجمين باستعادة النسخ الاحتياطية من النظام المستهدف قبل تنزيل أي ملفات او عمل أي أنشطة خبيثة وذلك لتفادي الاكتشاف. وتحتوي بعض الخدمات السحابية على مميزات متعددة في عملية الاستعادة بشكل كامل او من خلال نسخة صورية يقوم المهاجم بأخذها او نسخة صورية موجودة سابقاً. وتتم تلك العملية اما من خلال لوحة تحكم خاصة او من خلال الاتصال بـAPI محدد.
T1112,,تعديل الريجستري / Modify Registry,قد يقوم المهاجم بإخفاء بعض الإعدادات الضارة داخل windows registry وذلك بهدف إخفاء بعض الأنشطة الضارة. وقد تساعد بعض تلك الإعدادات في عملية مسح الأدلة او البقاء داخل الشبكة قدر الإمكان.
T1601,,تعديل  نسخة النظام / Modify System Image,قد يقوم المهاجمين بتعديل النسخ الخاصة بالنظام لأجهزة الشبكات وذلك بهدف التخفي قدر الإمكان من الاكتشاف. وعادة ما تكون تحتوي تلك الأجهزة على نظام وملفات وقدرات في ملف موحد.
T1601,.001,سد الثغرات لنسخة النظام / Patch System Image,قد يقوم المهاجم بتعديل نظام التشغيل الخاص بأجهزة الشبكة لإدخال قدرات جديدة من شانها تقليل عمليات المراقبة والرصد لأنشطته الضارة. وقد يقوم المهاجمين بتعديل الملف الخاص بالنظام لإدخال التعليمات البرمجية الضارة.
T1601,.002,Downgrade System Image,قد يقوم المهاجم بإعادة تثبيت نسخ اقدم من الأنظمة الخاصة بأجهزة الشبكات وذلك بسبب وجود ثغرات تتيح لله التخفي من الاكتشاف او وجود تشفير ضعيف على عملية نقل البيانات.
T1599,,حدود البوابة الشبكية / Network Boundary Bridging,قد يقوم المهاجمين بتغير طريقة التعامل مع الشبكات الأخرى (الغير موثوقة) او تغير طريقة حركة مرور و توجيه البيانات وذلك بهدف تخطي وسائل الحماية المفروضة ويأتي ذللك بعد عملية اختراق الموجهة وتمرير البيانات لشبكات غير موثوقة.
T1599,.001,Network Address Translation Traversal,قد يقوم المهاجم بتعديل البيانات الخاصة بالعناوين الشبكية NAT لأجهزة الشبكة وجعلها تتواصل مع أنظمة أخرى مشبوهة والتعديل على عناوين NAT تمكن المهاجمين من تخطي بعض القيود المفروضة على توجيه حركة البيانات داخل او خارج الشبكة.
T1027,,تشفير الملفات و المعلومات / Obfuscated Files or Information,قد يقوم المهاجم بعملية تشفير او ترميز لملفاته وجعلها غير قابلة للاكتشاف من قبل أنظمة الحماية والتحليل. وهذا الأسلوب مستخدم بكثره وذلك لتفادي عملية التحليل للبيانات الشبكية.
T1027,.001,Binary Padding,قد يقوم المهاجم بإضافة بيانات غير مفيدة على برمجياته وذلك بهدف جعلها غير مفهومة او لتصعيب عملية التحليل. وتحدث تلك الطريقة دون التأثير على آلية عمل برمجياتهم الضارة. ولكن قد يزيد من حجم الملف مما يجعل أنظمة الحماية غير قادرة على تحليله بسبب حجمة الكبير.
T1027,.002,Software Packing,قد يقوم المهاجمين بضغط الملفات والبرمجيات الخاصة بهم وتشفيرها وذلك بهدف إخفاء الأدوات والبرمجيات الضارة بهم. ضغط البرمجيات وتشفيرها قد تتفادى من عملية الاكتشاف من خلال استخدام آليات الاكتشاف باستخدام التواقيع الرقمية. ومعظم عمليات فك الضغط تحدث في الذاكرة العشوائية. تقوم Virtual machine software protection translates بحماية الملف التنفيذي من التعديل عند التشغيل وتقوم في نفس الوقت باستدعاء الدالة الخاصة به لتشغيلة.
T1027,.003,Steganography,قد يقوم المهاجمين باستخدام تقنيات إخفاء البيانات والمعلومات لمنع الاكتشاف (Steganographic) ويمكن إخفاء البيانات ونقلها من خلال صور او ملفات فيديو او مقاطع صوتية او ملفات نصية.
T1027,.004,Compile After Delivery,قد يقوم المهاجمين بنقل ملفاتهم قبل عملية جعلها قابله للتنفيذ (uncompiled code) وذلك بهدف تصعيب عملية الرصد والاكتشاف. ان الملفات النصية التي تحتوي على اكواد برمجية ضارة غير مجمعة لكي تكون قابلة لتنفيذ قد تكون صعبة في عمليات الرصد والاكتشاف. ويقوم المهاجمين بنقلها الى الجهاز المستهدف ومن ثم جمع تلك الملفات وجعلها قابلة للتنفيذ عبر أدوات متوفرة في النظام المستهدف مثل csc.exe  او  GCC/MinGW
T1027,.005,Indicator Removal from Tools,قد يقوم المهاجمين بمحي مؤشرات الاختراق الخاصة بهم بعد عملية اكتشاف برمجياتهم الخبيثة وذلك بهدف التخفي قدر المستطاع.
T1542,,نظام اقلاع جاهز / Pre-OS Boot,قد يقوم المهاجمين باستغلال آليات الإقلاع الخاصة بالنظام كطريقة للبقاء أطول فترة ممكنة في النظام. وتعرف هذه الأنظمة بالأنظمة الأساسية قبل عملية اقلاع نظام التشغيل.
T1542,.001,النظام الثابت / System Firmware,قد يقوم المهاجمين بتعديل ما يسمى بـ(system firmware) وذلك بهدف لاختراق النظام والبقاء أطول فترة ممكنة. ان (BIOS Basic Input/Output System) و (Unified Extensible Firmware Interface (UEFI)) او (Extensible Firmware Interface (EFI)) جميعهم هي أنظمة تشغيله ثابته من نوع (firmware) وهي تعمل ما بين نظام التشغيل والعتاد الخاص بالجهاز.
T1542,.002,Component Firmware,قد يقوم المهاجمين بتعديل ما يسمى بـ(component firmware) وذلك بهدف لاختراق النظام والبقاء أطول فترة ممكنة. وقد يستخدم بعض المهاجمين طرق معقده ومتقدمة جداً لتنفيذ مثل هذه العمليات المتقدمة في الاختراق والتي تؤدي الى تثبيت (component firmware) ضار يقوم يتنفيذ تعليمات البرمجية الضارة على نظام التشغيل او النظام الخاص بـ(BISO). ان هذه الأساليب تتشابه مع (System Firmware) ولكن يتن تنفيذها على بعض المكونات والاجهزة التي لا تمتلك مستوى قدرات في فحص مستوى سلامتها
T1542,.003,برمجية ضارة مع اقلاع النظام / Bootkit,قد يقوم المهاجمين باستغلال ما يسمى بـ(bootkits) وذلك بهدف البقاء أطول فترة ممكنة. ويتم استخدام (bootkits) كطبقة أسفل نظام التشغيل. ومثل هذه الاستغلال صعب الاكتشاف مالم يتم التحقق منه.
T1542,.004,ROMMONkit,قد يقوم المهاجمين باستغلال ما يسمى بـ(ROM Monitor (ROMMON)) وذلك من خلال تحميل أنظمة (firmware) ضار وذلك بهدف البقاء أطول فترة ممكنة. ومثل هذه الاستغلال صعب الاكتشاف مالم يتم التحقق منه.
T1542,.005,TFTP Boot,قد يقوم المهاجمين باستغلال (netbooting) لتحميل نظام تشغيل غير مصرح به من خادم نقل الملفات بواسطة بروتوكول (TFTP). يتم استخدام (TFTP boot (netbooting)) بشكل شائع بين مدراء الشبكات لتحميل الاعدادات الخاصة بأجهزة الشبكات والنسخ الصورية (Image) من خادم مركزي او مستودع. ان (netbooting) هو واحد من الخيارات المسموح بها للإقلاع الخاص بالنظام ويمكن استخدامه لتحكم والإدارة وكذلك مركز لحفظ النسخ الصورية (Images).
T1055,,حقن العمليات / Process Injection,قد يقوم المهاجمين بحقن العمليات وذلك بهدف رفع الصلاحيات او التهرب من الاكتشاف. وقد تستخدم حقن العمليات لتنفيذ تعليمات ضارة في بعض العمليات النشطة. والتي قد تسمح بحقن والوصول الى العمليات في الذاكرة العشوائية (Memory) او النظام او الشبكة. وتعتبر عملية حقن العمليات من الأساليب المتبعة من قبل المهاجمين حيث انها تعمل وكأنها عملية طبيعية وغير ضارة.
T1055,.001,Dynamic-link Library Injection,قد يقوم المهاجمين بحقن (dynamic-link libraries (DLLs) داخل العمليات وذلك من اجل رفع الصلاحيات او التهرب من الاكتشاف. ان عملية حقن DLL تتم لتنفيذ تعليمات ضارة في بعض العمليات النشطة
T1055,.002,حقن البرمجيات الجاهزة للعمل / Portable Executable Injection,قد يقوم المهاجمين بحقن (PE) داخل العمليات وذلك من اجل رفع الصلاحيات او التهرب من الاكتشاف. ان عملية حقن PE تتم لتنفيذ تعليمات ضارة في بعض العمليات النشطة
T1055,.003,Thread Execution Hijacking,قد يقوم المهاجمين بحقن بعض البرمجيات الضارة في العمليات التي يتم اختطافها وذلك من اجل رفع الصلاحيات او التهرب من الاكتشاف. ان عملية حقن (Thread Execution Hijacking) تتم لتنفيذ تعليمات ضارة في بعض العمليات النشطة.
T1055,.004,Asynchronous Procedure Call,قد يقوم المهاجمين بحقن بعض البرمجيات الضارة في العمليات النشطة من خلال (asynchronous procedure call (APC وذلك من اجل رفع الصلاحيات او التهرب من الاكتشاف. ان عملية حقن (APC) تتم لتنفيذ تعليمات ضارة في بعض العمليات النشطة.
T1055,.005,Thread Local Storage,قد يقوم المهاجمين بحقن بعض البرمجيات الضارة في العمليات النشطة من خلال ( (thread local storage (TLSوذلك من اجل رفع الصلاحيات او التهرب من الاكتشاف. ان عملية حقن (TLS callback) تتم لتنفيذ تعليمات ضارة في بعض العمليات النشطة.
T1055,.008,Ptrace System Calls,قد يقوم المهاجمين بحقن بعض البرمجيات الضارة في العمليات النشطة من خلال (processes via ptrace (process trace) system calls) وذلك من اجل رفع الصلاحيات او التهرب من الاكتشاف. ان عملية حقن (Ptrace system call) تتم لتنفيذ تعليمات ضارة في بعض العمليات النشطة.
T1055,.009,Proc Memory,قد يقوم المهاجمين بحقن برمجيات ضارة عبر استخدام (Proc) لملفات النظام وذلك من اجل رفع الصلاحيات او التهرب من الاكتشاف. ان عملية حقن (Proc memory) تتم لتنفيذ تعليمات ضارة في بعض العمليات النشطة
T1055,.011,Extra Window Memory Injection,قد يقوم المهاجمين بحقن برمجيات ضارة عبر استخدام (Extra windows memory EWM) لملفات النظام وذلك من اجل رفع الصلاحيات او التهرب من الاكتشاف. ان عملية حقن (EWM) تتم لتنفيذ تعليمات ضارة في بعض العمليات النشطة
T1055,.012,Process Hollowing,قد يقوم المهاجمين بحقن برمجيات ضارة عبر استخدام عمليات تم ايقافها  وتسمى بـ(hollowed processes) وذلك من اجل رفع الصلاحيات او التهرب من الاكتشاف. ان عملية حقن (hollowed processes) تتم لتنفيذ تعليمات ضارة في بعض العمليات النشطة
T1055,.013,Process Doppelgänging,قد يقوم المهاجمين بحقن برمجيات ضارة عبر استخدام (process doppelgänging) وذلك من اجل رفع الصلاحيات او التهرب من الاكتشاف. ان عملية حقن (process doppelgänging) تتم لتنفيذ تعليمات ضارة في بعض العمليات النشطة
T1055,.014,VDSO Hijacking,قد يقوم المهاجمين بحقن برمجيات ضارة عبر استخدام  اختطاف او انتحال (VDSO) وذلك من اجل رفع الصلاحيات او التهرب من الاكتشاف. ان عملية حقن (VDSO او Virtual dynamic shared object) تتم لتنفيذ تعليمات ضارة في بعض العمليات النشطة
T1207,,Rogue Domain Controller,قد يقوم المهاجمين بتسجيل (Domain Controller) احتيالي وذلك بهدف التلاعب بالـ (Domain Controller (DC)). يقوم (DCShadow) بإنشاء نسخة احتيالية لتلاعب بالبيانات الخاصة بـ AD. والتي تشتمل على (objects and schemas) من خلال محاكات نشاط وسلوك DC. مجرد ان تتم عملية التسجيل للـ DC الاحتيالي يستطيع ان يقوم بالتلاعب بكامل البنية التحتية الخاصة بالدليل النشط AD وقد يصل الى تغير كلمات المرور وبيانات الاعتماد وبعض الوظائف.
T1014,,Rootkit,قد يقوم المهاجم باستخدام برمجيات rootkits وذلك لإخفاء ملفاته وبرمجياته وأنظمة وشبكاته وغيرها من عمليات الاكتشاف. ان rootkits هو برمجية تستخدم لإخفاء التعليمات البرمجية الضارة داخل النظام الأساسي وتستطيع التواصل برمجية rootkits مع باقي البرمجيات من خلال استخدام استدعاءات بواسطة API وغيرها.
T1218,,Signed Binary Proxy Execution,قد يقوم المهاجم بتخطي العمليات التي تعتمد على اكتشافها بالتواقيع الرقمية وذلك من خلال استخدام أجزاء تم توقيعها رقمياً. ان بعض الاجزاء التي تم توقيعها رقمياً قد يتم تنفيذها على أنظمة ويندوز. ويمكن استخدام العديد من الأجزاء من البرمجيات الموقعة رقمياً في نظام ويندوز افتراضياً في مثل هذه الهجمات.
T1218,.001,تكوين مف HTML / Compiled HTML File,قد يقوم المهاجم باستغلال عملية جمع الملفات المتوفرة في HTML بامتداد (.chm) لإخفاء تعليمات برمجية ضارة. ويتم التعامل مع ملفات CHM كجزء من ما يسمي (Microsoft HTML Help system). ويحتوي ملفCHM على ملفات مضغوطة مثل ملفات HTML وصور وسكربتات وملفات VBA وجافا سكربت وActiveX. يتم استخدام وعرض محتويات ملف CHM من خلال متصفح الانترنت اكسبلورر عند تحميل صفحة بامتداد .HTML والتي قد تحتوي على ملفات تنفيذيه.
T1218,.002,لوحة التحكم / Control Panel,قد يقوم المهاجم باستخدام control.exe لتنفيذ تعليمات برمجية ضارة. وتقوم لوحة التحكم في نظام ويندوز بمعالجة وتنفيذ عناصر التحكم في النظام وهي أدوات مساعدة يتم من خلالها تعديل اعدادات الكمبيوتر وضبطه.
T1218,.003,CMSTP,قد يقوم المهاجم باستخدامMCSTP لتنفيذ تعليمات برمجية ضارة. ويعد Microsoft Connection Manager Profile Installer (CMSTP.exe) سطر أوامر يستخدم لإدارة الخدمات الخاصة بملفات التعريف. يقوم CMSTP.exe بقبول (installation information file INF) والتي تسمح للخدمات بالاتصال عن بعد من خلال خدمة ملف التعريف.
T1218,.004,InstallUtil,قد يقوم المهاجم باستخدام InstallUtil لتنفيذ تعليمات برمجية ضارة من خلال هذه الأداة وهي أحد الأدوات المساعدة في نظام ويندوز. وطبيعة InstallUtil تقوم على انها أداة مساعدة لسطر الأوامر وتسمح بتثبيت المصادر من خال تنفيذ تعليمات محددة عند القيام بعملية التثبيت باستخدام .NET binaries، ان أداة InstallUtil هي أداة موقع رقمياً بواسطة مايكروسوفت وتقع من ضمن نطاق .NET في أنظمة ويندوز في المسارات التالية (system: C:\Windows\Microsoft.NET\Framework\v\InstallUtil.exe and C:\Windows\Microsoft.NET\Framework64\v\InstallUtil.exe.)
T1218,.005,Mshta,قد يقوم المهاجمين باستغلال أداة mshta.exe لتنفيذ تعليمات برمجية ضارة. بامتداد ملف .hta او جافا سكربت او VBScript. وهناك امثله متعددة لطريقة استخدام mshta في عملية الوصول الاولي للمستهدف او استخدامها في عملية تثبيت البرمجيات الضارة.
T1218,.007,Msiexec,قد يقوم المهاجمين باستغلال msiexec.exe لتنفيذ تعليمات برمجية ضارة. ان أداة msiexec.exe هي عبارة عن أداة مساعدة لسطر الأوامر لبرنامج Windows Installer والتي يتم استخدامها بشك شائع في عملية تثبيت الحزم بامتداد .msi كما قامت مايكروسوفت بتوقيع msiexec رقمياً.
T1218,.008,Odbcconf,قد يقوم المهاجمين باستغلال Odbcconf.exe لتنفيذ تعليمات برمجية ضارة. ان أداة Odbcconf.exe هي عبارة عن أداة مساعدة للإعدادات الاتصال بقواعد البيانات المفتوحة (ODBC) والتي تحتوي على التعاريف و بعض مصادر البيانات Windows كما قامت مايكروسوفت بتوقيع msiexec رقمياً.
T1218,.009,Regsvcs/Regasm,قد يقوم المهاجمين باستغلال Regsvcs and Regasm لتنفيذ تعليمات برمجية ضارة. ان أداة Regsvcs and Regasm هي عبارة عن سطر أوامر تستخدم لتسجيل .NET. Component Object Model COM كل الاداتين تم توقيعها رقمياً بواسطة مايكروسوفت
T1218,.010,Regsvr32,قد يقوم المهاجمين باستغلال Regsvr32.exe لتنفيذ تعليمات برمجية ضارة. ان أداة Regsvr32.exe هي عبارة عن سطر أوامر تستخدم لتسجيل (object linking و embedding controls) وقد تشتمل على DLLs. في بيئة الويندوز. أداة Regsvr32 موقعه رقمياً بواسطة مايكروسوفت.
T1218,.011,Rundll32,قد يقوم المهاجمين باستغلال rundll32.exe لتنفيذ تعليمات برمجية ضارة. ان أداة rundll32.exe قد تستخدم بشكل ثانوي أي من خلال (Shared Modules) والتي قد يتم استغلالها للتفادي عمليات الاكتشاف من قبل أنظمة الحماية التي لا تراقب العمليات التي يتم تنفيذها بواسطة rundll32 بسبب القوائم المسموح بها او الإنذارات الخاطئة اثناء عملية التشغيل العادية. وترتبط rundll32 بشكل شائع اثناء تنفيذ ملفات DLL.
T1218,.012,Verclsid,قد يقوم المهاجمين باستغلال verclsid.exe لتنفيذ تعليمات برمجية ضارة. ان أداة verclsid.exe والمتعارف عليها كامتداد CLSID وهي الإضافة المسؤولة عن التحقق من كل الامتدادات الخاص بالمتصفح او Windows Shell.
T1216,,Signed Script Proxy Execution,قد يقوم المهاجمين باستخدام سكربتات موقعه رقمياً وموثوقة للتنفيذ تعليمات برمجية ضارة. حيث يمكن استخدام العديد من السكرتبات النصية الموقعة من مايكروسوفت والتي تكون مثبته افتراضياً في نظام ويندوز. مما يمكن المهاجمين من تنفيذ تعليمات برمجية ضارة من خلال استخدامها.
T1216,.001,PubPrn,قد يقوم المهاجمين باستغلال PubPrn لتنفيذ تعليمات برمجية ضارة، ويقوم المهاجمين باستخدام PubPrn وطلك لتفادي الاكتشاف المبني على التواقيع الرقمية لاكتشاف التهديدات السيبرانية. وكذلك تخطي وسائل الحماية المبنية على التحكم في التطبيقات والتي لا تتأخذ السكربتات كتطبيقات لمنعها.
T1553,,Subvert Trust Controls,قد يقوم المهاجمين بإضعاف إمكانيات التقنيات الأمنية التي من شانها اما تحذير المستخدمين من نشاط ضار او عمليات غير موثوق بها او برمجيات مشبوهة يتم تنفيذها. وقد تحتوي أنظمة التشغيل على برمجيات ومنتجات الأمان التي تسمح لها بتحديد البرمجيات او المواقع الضارة وتحديد مستوى الموثوقية بها. ومن الأمثلة عليها السماح لبرنامج بالعمل بسبب انه موقع رقمياً من قبل طرف موثوق، او تحذير المستخدم ان المحتوى المراد تثبيته تم تحميله من الأنترنت، او الحصول على تنبيه انك على وشك الاتصال بموقع غير موثوق.
T1553,.001,Gatekeeper Bypass,قد يقوم المهاجمين بتعديل خصائص الملفات التي تسمح للنظام بمعرفة إذا كانت هذه الملفات من مصادر غير موثوقة وذلك بهدف الاحتيال على عناصر التحكم مثل Gatekeeper المتوفرة في نظامي macOS and OS X. حيث تعمل عند تحميل برنامج او ملف من خلال الانترنت بتفعيل ميزة com.apple.quarantine والتي تسمح لبرنامج الحماية Gatekeeper بتنبيه المستخدم اما بالسماح او الرفض لهذا الملف او البرمجية.
T1553,.002,Code Signing,قد يقوم المهاجمين بالاستحواذ او سرقة او انشاء طرق او آليات توقيع برمجياتهم الضارة. ويوفر التوقيع الرقمي للاكواد مستوى مصادقيه لدى المطورين ان البرمجيات موثوقة. ومن الشائع لدى المهاجمين ان الشهادات الخاصة بالتواقيع يتم انشاءها او سرقتها.
T1553,.003,SIP and Trust Provider Hijacking,قد يقوم المهاجمين بالتلاعب باستخدام SIP والثقة التي يتمتع بها مع نظام التشغيل وأدوات التحكم في التطبيقات عند اجراء عمليات التحقق من صحة التواقيع الرقمية. وفي حال المستخدم العادي يقوم نظام ويندوز بالتحقق نشأت التوقيع الرقمي وكذلك سلامته. وقد تقوم بعض المتغيرات المستخدمة لتوليد الثقة في الاكواد المستخدم مثل التعاريف في نظام ويندوز والذي يقوم بالتعامل مع التواقيع الرقمية الخاصة بها على انها تواقيع رقمية امنة. وتتم مرحلة التحقق من صحة التواقيع الرقمية بواسطة تطبيق WinVerifyTrust باستخدام وظيفة application programming interface API والتي تقبل الاستعلامات وتحدد المستوى المناسب من الثقة المطلوبة.
T1553,.004,Install Root Certificate,قد يقوم المهاجمين بتثبيت (root certificate) على النظام المخترق وذلك لتفادي التنبيه عندما تتم عملية التحكم والسيطرة والتواصل مع النطاقات الضارة الخاصة بالمهاجم. تستخدم (root certificate) في تشفيرها المفتاح العام الذي تم انشاءه بواسطة (root certificate authority CA)، وعند تثبيت الشهادة  من قبل المهاجم يقوم البرنامج او النظام بالثقة بهذه الشهادة وهي بالعادة تقوم باستخدام برتوكول TLS/SSL للاتصالات من خلال متصفحات الويب. وفي حال لم يتم تثبيت هذه الشهادة واراد المستخدم تصفح هذا الموقع ستظهر رسالة تنبيه ان علية الحذر ان الشهادة الخاصة بالموقع لم توقع رقمياً وتحتاج الى الصلاحية لتثبيتها.
T1553,.005,Mark-of-the-Web Bypass,قد يقوم المهاجمين باستغلال التنسيق الخاص بالصفحات والتحكم بها او ما يعرف بي (Mark-of-the-Web MOTW). في نظام ويندوز وعند تحميل الملفات من الانترنت لكي يضلل المستخدمين ان الملفات امنة. ان السيناريو عند تحميل الملفات يتم من خلال تصنيفها بطريقة خفية باستخدام (NTFS) و (Alternate Data Stream ADS). وربطها باسم يعرف بـ Zone.Identifier مع قيمة محددة تسمى بي MOTW. يعني ذلك أي ملف محدد بالقيمة الخاصة بـ MOTW هو ملف محمي ولا يستطيع تنفيذ الا بعض الوظائف فقط. على سبيل المثال عند تشغيل MS Office 10 وكان الملف المراد فتحة مربوط بقيمة من  MOTW لا يمكن فتحة بشكل مباشر بل من خلال طريقة العرض المحمية (Protected View) واي ملف يتم ربطة بقيمة من MOTW يتم معالجته من قبل (Windows Defender SmartScreen) والتي تقوم بالمقارنة بالملفات التنفيذية المسموح بها او الغير موثوقة وتقوم بتحذير المستخدم من تفعيله او تشغيله.
T1553,.006,Code Signing Policy Modification,قد يقوم المهاجمين بتعديل سياسة توقيع الاكواد البرمجية بهدف تفعيل خاصية تنفيذ الاكواد البرمجية الغير موقعه. ان توقيع الاكواد البرمجية تعطي مستوى من الثقة لدى مطورين التطبيقات وان التطبيق موثوق ولم يتم التلاعب به. وتستطيع تضمين عنصر من عناصر التحكم بمنع تنفيذ أي برنامج لم يتم توقيعه رقمياً من العمل على النظام الخاص بك.
T1221,,Template Injection,قد يقوم المهاجمين بتعديل او انشاء قوالب ونماذج جاهزة للاستخدام لملفات (Office) وذلك بهدف إخفاء تعليمات برمجية ضارة او محاولة التلاعب في عملية المصادقة. ان (Microsoft’s Office Open XML OOXML) او ما يعرف بتنسيق المستندات (XML) والذي يتم استخدامه لتنسيق المحتويات في الملفات (.docx, xlsx, .pptx) وكذلك يقوم باستبدال الامتدادات القديمة (.doc, .xls, .ppt) الى الامتدادات التي تم ذكرها سابقاً. يقوم بتجميع وضغط ملفات OOXML داخل ملف ZIP بامتدادات XML والتي في النهاية تساعد في تحديد الشكل والمظهر النهائي الخاص بالمستند.
T1205,,Traffic Signaling,قد يقوم المهاجمين باستخدام (traffic signaling) بهدف إخفاء المنافذ المفتوحة او إخفاء بعض الوظائف الضارة والتي تستخدم بهدف تنفيذ تعليمات برمجية ضارة من شأنها تأمين البقاء أطول فترة ممكنه داخل النظام المخترق. وتستخدم في بعض الأحيان من خلال سطر الأوامر (Command line) والتي تستخدم ما يسمى بـ(magic value او تسلسل محدد) والذي يتم ارساله لتحفيز استجابة معينة. مثل فتح او اغلاق أحد المنافذ او تنفيذ بعض المهام الضارة. وقد يقوم المهاجم بإرسال مجموعة من الحزم قبل اجراء أي عملية من فتح او اغلاق المنافذ والتي ستمكنه من التحكم والسيطرة على النظام المصاب. وعادة ما تكون هذه السلسلة من الحرم يتم تحديدها مسبقاً مثل (Port Knocking). ولكن قم يتم تضمين بعض التعليمات الفريدة من نوعها بعد اكمال عملية ارسال الحزم مما يقوم بفتح المنفذ او أغلاقه في جدار الحماية الخاص بالمستضيف او ما يسمى بـ(host-based firewall) او من خلال تشغيل برمجية مخصصة لذلك.
T1205,.001,Port Knocking,قد يقوم المهاجمين باستخدام (port knocking) بهدف إخفاء المنافذ المفتوحة او إخفاء بعض الوظائف الضارة والتي تستخدم بهدف تنفيذ تعليمات برمجية ضارة من شأنها تأمين البقاء أطول فترة ممكنه داخل النظام المخترق. ولكي يتم تفعيل/اغلاق المنافذ يقوم المهاجم بإرسال سلسلة من المحاولات التي تم تعريفها سابقاً. او يستطيع المهاجم استخدام بعض البرمجيات والتي من شأنها القيام بفتح المنافذ او اغلاقها في جدار الحماية الخاص بالمستضيف او ما يسمى بـ(host-based firewall)
T1127,,Trusted Developer Utilities Proxy Execution,قد يقوم المهاجمين بالاستفادة من أدوات المطورين الموثوق بها واستخدامها لتنفيذ وايصال البرمجيات الضارة الخاصة بهم. وهناك العديد من الأدوات المساعدة في عملية تطوير البرمجيات والتي يمكن استخدامها من قبل المهاجمين. والتي قد تكون أدوات مستخدمة لتصحيح الأخطاء او للهندسة العكسية وغيرها. هذه الأدوات قد تكون أدوات موقعه رقمياً مما يريد من مستوى الثقة بها. والتي قد تودي الى تخطي عناصر ووسائل الحماية الموضوعة.
T1127,.001,MSBuild,قد يقوم المهاجمين باستخدام MSBuild لتنفيذ تعليمات برمجية ضارة. ان أداة MSBuild هي أداة موثوقة في أنظمة ويندوز وهي اختصار لي (Microsoft Build Engine) وهي نظام أساسي لإنشاء وتكوين البرمجيات الخاصة بـ Visual Studio والتي يتم التعامل معها من خلال امتدادات XML والتي تقوم هي بدورها بتحديد المتطلبات والاعدادات للأنظمة المراد انشاءها.
T1535,,Unused/Unsupported Cloud Regions,قد يقوم المهاجمين بإنشاء نسخ من الخدمات السحابية في مناطق جغرافية غير معروفة وذلك بهدف التخفي من الاكتشاف. ان عملية الوصول لهذه الخدمات عادة ما يتم من خلال حسابات مخترقة سابقاً بهدف إدارة البنية التحتية.
T1550,,Use Alternate Authentication Material,يستخدم المهاجمين ادوات مصادقة بديلة، مثل كلمة المرور المختزلة (password hashes) ، وتذاكر Kerberos ، ورموز الوصول إلى التطبيق، من أجل التنقل داخل الشبكة وتجاوز تقنيات التحكم في الوصول إلى الأنظمة.
T1550,.001,Application Access Token,يستخدم المهاجم رموز مسروقة للوصول إلى التطبيقات لتجاوز عملية المصادقة النموذجية والوصول إلى الحسابات أو المعلومات أو الخدمات المقيدة على الأنظمة الأخرى. عادةً ما تتم سرقة هذه الرموز المميزة من المستخدمين واستخدامها بدلاً من بيانات اعتماد تسجيل الدخول.
T1550,.002,Pass the Hash,يقوم المهاجمين باستخدام تقنية Pass The Hash مع كلمات المرور التي تم سرقتها للتحرك داخل الشبكة، متخطين تقنيات التحكم في الوصول إلى الأنظمة. Pass the hash PtH هي طريقة للمصادقة كمستخدم دون الوصول إلى كلمة مرور الغير مشفرة التابعة للمستخدم. تتجاوز هذه الطريقة خطوات المصادقة القياسية التي تتطلب كلمة مرور غير مشفرة ، والانتقال مباشرة إلى جزء المصادقة الذي يستخدم كلمة مرور مختزلة.
T1550,.003,Pass the Ticket,قد يقوم المهاجمين باستخدام تقنية Pass the Ticket مع كلمات المرور التي تم سرقتها للتحرك داخل الشبكة، متخطين تقنيات التحكم في الوصول إلى الأنظمة. Pass the ticket (PtT) هي طريقة للمصادقة على نظام يستخدم تذاكر Kerberos دون الوصول إلى كلمة مرور الحساب. يمكن استخدام مصادقة Kerberos كخطوة أولى للحركة داخل أنظمة أخرى .
T1550,.004,Web Session Cookie,قد يقوم المهاجم بسرقة معلومات الجلسة (session cookies) للحصول على صلاحيات مصادقة لخدمات الويب. تتجاوز هذه التقنية بعض البرتوكولات لان الجلسة تمت مصادقتها من المستخدم الفعلي بشكل سليم.
T1078,,حساب فعال / Valid Accounts,قد يقوم المهاجم باستغلال بيانات الاعتماد للحسابات الفعالة وذلك بهدف الوصول الاولي او البقاء أطول فترة ممكنه داخل النظام المخترق او تصعيد الصلاحيات او التهرب من الاكتشاف. ان بيانات الاعتماد المخترقة قد يستخدم لتخطي عناصر التحكم بالوصول (access controls) التي تم تطبيقها على الأنظمة والموارد الخاصة بالشبكة. وقد يتم استخدام هذه الحسابات للوصول للأنظمة عن بعد او الخدمات مثل VPN او البريد الالكتروني او سطح المكتب البعيد من خلال المتصفح. وقد يتم استخدام بيانات الاعتماد المخترقة لتصعيد الصلاحيات لأنظمة محدد او الوصول الى منطقة حساسة داخل الشبكة المستهدفة. وقد يقوم المهاجم بتنفيذ عملياته الضارة ببيانات الاعتماد المخترقة دون الحاجة الى تبيث بعض البرمجيات الضارة والتي قد تؤدي الى اكتشافه.
T1078,.001,حساب افتراضي / Default Accounts,قد يقوم المهاجم بالحصول على بيانات الاعتماد للحسابات الافتراضية في النظام والتي تمكنه من الوصول الاولي او البقاء أطول فترة ممكنه داخل النظام المخترق او تصعيد الصلاحيات او التهرب من الاكتشاف. ان الحسابات الافتراضية هي التي يتم انشاءها بشكل افتراضي داخل الأنظمة مثل حساب (Guest او  Administrator) في نظام ويندوز. الحسابات الافتراضية قد تأتي كذلك من الأنظمة الخاصة ببعض العتاد من الشركة المصنعة. والتي قد تكون حساب مدير للنظام. ان حساب مدير النظام الخاص بخدمات (AWS) وحساب الخدمات الافتراضي في (Kubernetes)
T1078,.002,حساب مدير النظام / Domain Accounts,قد يقوم المهاجمين باستغلال بيانات الاعتماد الخاصة بمدراء النطاق (domain account) والتي تمكنه من الوصول الاولي او البقاء أطول فترة ممكنه داخل النظام المخترق او تصعيد الصلاحيات او التهرب من الاكتشاف. ان حسابات مدراء النطاق والتي يتم التحكم بها من قبل (Active Directory Domain Service) والتي من خلالها يتم إعطاء الصلاحيات و التكوين لخدمات للنظام. ومن الممكن ان تكون حسابات مدراء. النظام عبارة عن حسابات مستخدمين او خدمات.
T1078,.003,حساب محلي / Local Accounts,قد يقوم المهاجمين باستغلال بيانات الاعتماد الخاصة بالحسابات المحلية (local account) والتي تمكنه من الوصول الاولي او البقاء أطول فترة ممكنه داخل النظام المخترق او تصعيد الصلاحيات او التهرب من الاكتشاف. الحسابات المحلية يتم اعدادها من قبل المنظمة بهدف تقديم خدمات الدعم للأنظمة عن بعد او لتفعيل بعض الخدمات الوصول للأنظمة و ادارتها.
T1078,.004,حساب الخدمات الحسابية / Cloud Accounts,قد يقوم المهاجمين باستغلال بيانات الاعتماد الخاصة بالحسابات على الخدمات السحابية (cloud account) والتي تمكنه من الوصول الاولي او البقاء أطول فترة ممكنه داخل النظام المخترق او تصعيد الصلاحيات او التهرب من الاكتشاف. حسابات الخدمات السحابية قد يتم انشاءها واعدادها من قبل المنظمة بهدف تقديم خدمات الدعم للأنظمة عن بعد او لتفعيل بعض الخدمات الوصول للأنظمة وادارتها او التطبيقات. قد يتم توحيد الحسابات الخاصة بالخدمات السحابية مع الحسابات في النطاقات (Window Active Directory)
T1497,,Virtualization/Sandbox Evasion,قد يقوم المهاجمين بإنشاء وسائل مختلفة لتهرب من الاكتشاف والتي تشتمل عمليات التحليل في البيئة الافتراضية. وقد يقوم المهاجم بتغير سلوك البرمجية الضارة بناء على المعطيات التي يقوم بقراءتها عند تشغيل البرمجية الضارة فعند وجود دلالة على ان هذه البيئة هي افتراضية يقوم بحماية نفسه او إخفاء الوظائف الرئيسية التي يقوم بها البرنامج. وعادة ما يستخدم المهاجمين في برمجياتهم ما يسمى بـ(Virtualization/Sandbox Evasion) بشكل تلقائي عند عملية التشغيل وذلك لاكتشاف ماهي البيئة المراد تشغيل البرمجية الضارة بها.
T1497,.001,فحص النظام / System Checks,قد يقوم المهاجمين بإنشاء وسائل مختلفة لتهرب من الاكتشاف والتي تشتمل عمليات فحص النظام وحال وجد انه في البيئة الافتراضية. وقد يقوم المهاجم بتغير سلوك البرمجية الضارة بناء على المعطيات التي يقوم بقراءتها عند تشغيل البرمجية الضارة فعند وجود دلالة على ان هذه البيئة هي افتراضية يقوم بحماية نفسه او إخفاء الوظائف الرئيسية التي يقوم بها البرنامج. وعادة ما يستخدم المهاجمين في برمجياتهم ما يسمى بـ(Virtualization/Sandbox Evasion) بشكل تلقائي عند عملية التشغيل وذلك لاكتشاف ماهي البيئة المراد تشغيل البرمجية الضارة بها.
T1497,.002,User Activity Based Checks,قد يقوم المهاجمين بإنشاء وسائل مختلفة لتهرب من الاكتشاف والتي تشتمل عمليات فحص سلوك المستخدم وحال وجد انه في البيئة الافتراضية. وقد يقوم المهاجم بتغير سلوك البرمجية الضارة بناء على المعطيات التي يقوم بقراءتها عند تشغيل البرمجية الضارة فعند وجود دلالة على ان هذه البيئة هي افتراضية يقوم بحماية نفسه او إخفاء الوظائف الرئيسية التي يقوم بها البرنامج. وعادة ما يستخدم المهاجمين في برمجياتهم ما يسمى بـ(Virtualization/Sandbox Evasion) بشكل تلقائي عند عملية التشغيل وذلك لاكتشاف ماهي البيئة المراد تشغيل البرمجية الضارة بها.
T1497,.003,Time Based Evasion,قد يقوم المهاجم بتنفيذ بعض الطرق التي من شانها اكتشاف انه داخل بيئة افتراضية مثل التلاعب بالوقت. وفي بعض الاحيان يقوم المهاجم بتحليل البنية الخاصة بالنظام ومعرفة اوقت وساعة النظام وذلك بهدف معرفة في حال كان في بيئة افتراضية او (SandBox) وحمايته نفسه من تنفيذ تعليمات برمجية قد تفضح الأساليب المستخدمة. وقد تكون تلك العمليات محدده بوقت او تعمل في بداية التشغيل.
T1600,,التشفير الضعيف / Weaken Encryption,قد يقوم المهاجم باختراق أجهزة التشفير على مستوى الشبكة بهدف تخطي التشفير وقراءة البيانات المارة.
T1600,.001,Reduce Key Space,قد يقوم المهاجم بتقليل حجم الجهد المطلوب لكسر التشفير وذلك من خلال تقليل قوة التشفير قبل نقلها على الشبكة.
T1600,.002,Disable Crypto Hardware,قد يقوم المهاجم بتعطيل أجهزة تشفير البيانات على مستوى الشبكة وذلك بهدف الاستفادة وتقليل وقت كسر التشفير والقدرة على جمع البيانات المارة ومعالجتها واستخراج المفيد منها.
T1220,,XSL Script Processing,قد يقوم المهاجمين بحجب بعض عناصر التحكم بالأمان من التحقق من البرمجيات او اعتراضها من خلال تضمين سكربتات داخل ملفات XSL. ان (Extensible Stylesheet Language XSL) ملفات تستخدم بشكل شائع في وصف العمليات وعرض البيانات في ملفات XML. يتضمن معيار XSL دعماً لقراءة السكربتات التي يتم تضمينها بمختلف اللغات البرمجية.
